"Date","Germany, WHOLESALE, National Average, Eggs, EUR/100 kg"
"02/01/2025","266.61"
"01/01/2025","233.3"
"12/01/2024","246.58"
"11/01/2024","247.56"
"10/01/2024","226.46"
"09/01/2024","199.13"
"08/01/2024","191.7"
"07/01/2024","194.31"
"06/01/2024","205.11"
"05/01/2024","222.06"
"04/01/2024","230.27"
"03/01/2024","260.33"
"02/01/2024","249.93"
"01/01/2024","245.16"
"12/01/2023","246.43"
"11/01/2023","238.75"
"10/01/2023","231.4"
"09/01/2023","222.79"
"08/01/2023","203.08"
"07/01/2023","193.82"
"06/01/2023","229.32"
"05/01/2023","256.86"
"04/01/2023","266.63"
"03/01/2023","269.26"
"02/01/2023","256.26"
"01/01/2023","246.83"
"12/01/2022","248.81"
"11/01/2022","245.34"
"10/01/2022","230.1"
"09/01/2022","192.17"
"08/01/2022","170.21"
"07/01/2022","167.21"
"06/01/2022","167.72"
"05/01/2022","170"
"04/01/2022","191.6"
"03/01/2022","166.34"
"02/01/2022","129.39"
"01/01/2022","119.64"
"12/01/2021","126.47"
"11/01/2021","119.05"
"10/01/2021","117.94"
"09/01/2021","115.45"
"08/01/2021",""
"07/01/2021","99.48"
"06/01/2021","105.83"
"05/01/2021","104.99"
"04/01/2021","115.71"
"03/01/2021","132.09"
"02/01/2021","120.75"
"01/01/2021","106.57"
"12/01/2020","101.72"
"11/01/2020","101.51"
"10/01/2020","104.3"
"09/01/2020","102.29"
"08/01/2020","104.23"
"07/01/2020","118.09"
"06/01/2020","126.38"
"05/01/2020","118.51"
"04/01/2020","133.13"
"03/01/2020","143.31"
"02/01/2020","128.33"
"01/01/2020","125.65"
"12/01/2019","137.37"
"11/01/2019","135.82"
"10/01/2019","123.64"
"09/01/2019","115.41"
"08/01/2019","110.38"
"07/01/2019","107.74"
"06/01/2019","114.8"
"05/01/2019","115.95"
"04/01/2019","128.17"
"03/01/2019","132.27"
"02/01/2019","128.93"
"01/01/2019","129.84"
"12/01/2018","140.23"
"11/01/2018","130.84"
"10/01/2018","120.44"
"09/01/2018","110.8"
"08/01/2018","100.19"
"07/01/2018","103.36"
"06/01/2018","107.46"
"05/01/2018","113.28"
"04/01/2018","133.53"
"03/01/2018","191.88"
"02/01/2018","206.24"
"01/01/2018","205.57"
"12/01/2017","218"
"11/01/2017","218.49"
"10/01/2017","203.6"
"09/01/2017","160.34"
"08/01/2017","143.97"
"07/01/2017","115.63"
"06/01/2017","129.42"
"05/01/2017","133.95"
"04/01/2017","143.24"
"03/01/2017","133.26"
"02/01/2017","113.1"
"01/01/2017","115.8"
"12/01/2016","126.08"
"11/01/2016","118.08"
"10/01/2016","102.8"
"09/01/2016","96.8"
"08/01/2016","86.67"
"07/01/2016","86.91"
"06/01/2016","94.15"
"05/01/2016","96.79"
"04/01/2016","103.79"
"03/01/2016","129.03"
"02/01/2016","132.76"
"01/01/2016","117.1"
"12/01/2015","118.84"
"11/01/2015","113.41"
"10/01/2015","112.24"
"09/01/2015","118.91"
"08/01/2015","118.93"
"07/01/2015","122.89"
"06/01/2015","127.57"
"05/01/2015","100.83"
"04/01/2015","112.89"
"03/01/2015","135.98"
"02/01/2015","123.86"
"01/01/2015","119.06"
"12/01/2014","125.23"
"11/01/2014","112.4"
"10/01/2014","107.8"
"09/01/2014","106.98"
"08/01/2014","96.62"
"07/01/2014","104.57"
"06/01/2014","107.55"
"05/01/2014","104.84"
"04/01/2014","119.22"
"03/01/2014","123.76"
"02/01/2014","121.69"
"01/01/2014","112.75"
"12/01/2013","116.82"
"11/01/2013","112.26"
"10/01/2013","107.53"
"09/01/2013","103.42"
"08/01/2013","91.71"
"07/01/2013","90.81"
"06/01/2013","96.25"
"05/01/2013","93.69"
"04/01/2013","113.92"
"03/01/2013","149.87"
"02/01/2013","159.16"
"01/01/2013","152.21"
"12/01/2012","168.22"
"11/01/2012","157.71"
"10/01/2012","153.65"
"09/01/2012","139.31"
"08/01/2012","130.99"
"07/01/2012","131.07"
"06/01/2012","138.2"
"05/01/2012","150.67"
"04/01/2012","168.66"
"03/01/2012","227.54"
"02/01/2012","163.63"
"01/01/2012","131.92"
"12/01/2011","138.02"
"11/01/2011","122.93"
"10/01/2011","104.73"
"09/01/2011","105.1"
"08/01/2011","109.96"
"07/01/2011","101.25"
"06/01/2011","87.94"
"05/01/2011","80.16"
"04/01/2011","99.68"
"03/01/2011","112.52"
"02/01/2011","98.74"
"01/01/2011","91.61"
"12/01/2010","113.9"
"11/01/2010","96.95"
"10/01/2010","90.86"
"09/01/2010","106.32"
"08/01/2010","103.23"
"07/01/2010","87.04"
"06/01/2010","105.84"
"05/01/2010","98.26"
"04/01/2010","122.77"
"03/01/2010","194.74"
"02/01/2010","223.13"
"01/01/2010","213.77"
"12/01/2009","146.01"
"11/01/2009","134.62"
"10/01/2009","124.48"
"09/01/2009","117.74"
"08/01/2009","106.07"
"07/01/2009","98.75"
"06/01/2009","99.51"
"05/01/2009","94.2"
"04/01/2009","116.34"
"03/01/2009","117.2"
"02/01/2009","101.97"
"01/01/2009","103.85"
"12/01/2008","115.48"
"11/01/2008","99.28"
"10/01/2008","96.14"
"09/01/2008","90.97"
"08/01/2008","89.53"
"07/01/2008","84.97"
"06/01/2008","86.39"
"05/01/2008","86.47"
"04/01/2008","91.88"
"03/01/2008","108.55"
"02/01/2008","116.69"
"01/01/2008","117.61"
"12/01/2007","122.57"
"11/01/2007","122.84"
"10/01/2007","113.81"
"09/01/2007","109.92"
"08/01/2007","98.03"
"07/01/2007","95.01"
"06/01/2007","87.73"
"05/01/2007","86.18"
"04/01/2007","92.19"
"03/01/2007","103.25"
"02/01/2007","97.38"
"01/01/2007","90.64"
"12/01/2006","97.96"
"11/01/2006","99.35"
"10/01/2006","91.88"
"09/01/2006","89.15"
"08/01/2006","79.77"
"07/01/2006","70.13"
"06/01/2006","73.89"
"05/01/2006","75.98"
"04/01/2006","86.7"
"03/01/2006","92.28"
"02/01/2006","89.18"
"01/01/2006","83.56"
"12/01/2005","93.36"
"11/01/2005","87.41"
"10/01/2005","90.26"
"09/01/2005","88.95"
"08/01/2005","78.76"
"07/01/2005","67.18"
"06/01/2005","63.13"
"05/01/2005","60.9"
"04/01/2005","62.25"
"03/01/2005","76.98"
"02/01/2005","67.63"
"01/01/2005","63.11"
"12/01/2004","72.45"
"11/01/2004","62.5"
"10/01/2004","60.55"
"09/01/2004","66.58"
"08/01/2004","54.19"
"07/01/2004","65.05"
"06/01/2004","67.6"
"05/01/2004","67.6"
"04/01/2004","72.55"
"03/01/2004","100.92"
"02/01/2004","112.28"
"01/01/2004","118.92"
"12/01/2003","144.79"
"11/01/2003","148.9"
"10/01/2003","146.05"
"09/01/2003","141.42"
"08/01/2003","95.69"
"07/01/2003","89.26"
"06/01/2003","94.9"
"05/01/2003","102.08"
"04/01/2003","122.9"
"03/01/2003","110.55"
"02/01/2003","97.3"
"01/01/2003","98.16"
"12/01/2002","106.42"
"11/01/2002","100.42"
"10/01/2002","94.48"
"09/01/2002","86.07"
"08/01/2002","80.11"
"07/01/2002","79.19"
"06/01/2002","77.18"
"05/01/2002","81.45"
"04/01/2002","83.53"
"03/01/2002","99.4"
"02/01/2002","103.11"
"01/01/2002","101.65"
"12/01/2001","106.98"
"11/01/2001","98.48"
"10/01/2001","91.28"
"09/01/2001","86.27"
"08/01/2001","81.64"
"07/01/2001","77.04"
"06/01/2001","75.65"
"05/01/2001","79.37"
"04/01/2001","92.57"
"03/01/2001","99.42"
"02/01/2001","99.59"
"01/01/2001","95.03"
"12/01/2000","99.91"
"11/01/2000","99.44"
"10/01/2000","94.51"
"09/01/2000","92.07"
"08/01/2000","93.3"
"07/01/2000","86.42"
"06/01/2000","86.38"
"05/01/2000","88.34"
"04/01/2000","100.63"
"03/01/2000","112.82"
"02/01/2000","101.27"
"01/01/2000","87.01"
"12/01/1999","89.82"
"11/01/1999","81.73"
"10/01/1999","71.11"
"09/01/1999","77.19"
"08/01/1999","64.73"
"07/01/1999","62.79"
"06/01/1999","64.62"
"05/01/1999","63.17"
"04/01/1999","68.69"
"03/01/1999","81.34"
"02/01/1999","78.48"
"01/01/1999","76.39"
"12/01/1998","90.78"
"11/01/1998","81.65"
"10/01/1998","78.49"
"09/01/1998","81.34"
"08/01/1998","72.06"
"07/01/1998","74.65"
"06/01/1998","70.89"
"05/01/1998","65.33"
"04/01/1998","74.65"
"03/01/1998","85.5"
"02/01/1998","90.77"
"01/01/1998","92.73"
"12/01/1997","100.73"
"11/01/1997","95.19"
"10/01/1997","92.69"
"09/01/1997","92.7"
"08/01/1997","86.86"
"07/01/1997","83.13"
"06/01/1997","76.75"
"05/01/1997","75.26"
"04/01/1997","84.68"
"03/01/1997","101.29"
"02/01/1997","115.53"
"01/01/1997","111.29"