"Date","Germany, WHOLESALE, National Average, Chicken (whole), EUR/100 kg"
"02/01/2025","430"
"01/01/2025","430"
"12/01/2024","429.9"
"11/01/2024","426.67"
"10/01/2024","426"
"09/01/2024","425.5"
"08/01/2024","425"
"07/01/2024","424.55"
"06/01/2024","424"
"05/01/2024","424.16"
"04/01/2024","424.53"
"03/01/2024","422.9"
"02/01/2024","422"
"01/01/2024","421.32"
"12/01/2023","419"
"11/01/2023","419"
"10/01/2023","417.19"
"09/01/2023","410.87"
"08/01/2023","409.58"
"07/01/2023","409"
"06/01/2023","409.73"
"05/01/2023","410.1"
"04/01/2023","407"
"03/01/2023","403.94"
"02/01/2023","402"
"01/01/2023","402"
"12/01/2022","402"
"11/01/2022","402"
"10/01/2022","400.97"
"09/01/2022","400"
"08/01/2022","400"
"07/01/2022","396.71"
"06/01/2022","394"
"05/01/2022","383.32"
"04/01/2022","355.13"
"03/01/2022","345.19"
"02/01/2022","334.25"
"01/01/2022","328.74"
"12/01/2021","321.97"
"11/01/2021","316.07"
"10/01/2021","314.03"
"09/01/2021","310.8"
"08/01/2021","309"
"07/01/2021","307.45"
"06/01/2021","302.7"
"05/01/2021","297.68"
"04/01/2021",""
"03/01/2021",""
"02/01/2021","285"
"01/01/2021","285"
"12/01/2020","285.39"
"11/01/2020","287"
"10/01/2020","287.13"
"09/01/2020","288"
"08/01/2020","288"
"07/01/2020","288"
"06/01/2020","288.47"
"05/01/2020","288.68"
"04/01/2020","288.8"
"03/01/2020","289.29"
"02/01/2020","289"
"01/01/2020","289"
"12/01/2019","289"
"11/01/2019","289"
"10/01/2019","288.58"
"09/01/2019","288"
"08/01/2019","288"
"07/01/2019","288"
"06/01/2019","287.7"
"05/01/2019","287"
"04/01/2019","284.2"
"03/01/2019","282"
"02/01/2019","282"
"01/01/2019","282"
"12/01/2018","282"
"11/01/2018","282"
"10/01/2018","281.32"
"09/01/2018","279.87"
"08/01/2018","277.61"
"07/01/2018","276.23"
"06/01/2018","274"
"05/01/2018","273.61"
"04/01/2018","271.73"
"03/01/2018","271"
"02/01/2018","271"
"01/01/2018","271"
"12/01/2017","271"
"11/01/2017","271"
"10/01/2017","271"
"09/01/2017","271"
"08/01/2017","270.42"
"07/01/2017","268.87"
"06/01/2017","270.63"
"05/01/2017","269.77"
"04/01/2017","266.7"
"03/01/2017","265.61"
"02/01/2017","265"
"01/01/2017","265.06"
"12/01/2016","267"
"11/01/2016","267"
"10/01/2016","267"
"09/01/2016","266.87"
"08/01/2016","266"
"07/01/2016","266.32"
"06/01/2016","267"
"05/01/2016","266.52"
"04/01/2016","265.43"
"03/01/2016","265"
"02/01/2016","262.1"
"01/01/2016","259.32"
"12/01/2015","260"
"11/01/2015","260"
"10/01/2015","260"
"09/01/2015","260"
"08/01/2015","260.13"
"07/01/2015","262"
"06/01/2015","262"
"05/01/2015","262"
"04/01/2015","261.2"
"03/01/2015","259.06"
"02/01/2015","259.29"
"01/01/2015","260"
"12/01/2014","260"
"11/01/2014","260.2"
"10/01/2014","263.39"
"09/01/2014","265.17"
"08/01/2014","268.9"
"07/01/2014","268"
"06/01/2014","268"
"05/01/2014","267.87"
"04/01/2014","267"
"03/01/2014","266.71"
"02/01/2014","266"
"01/01/2014","266"
"12/01/2013","266"
"11/01/2013","266"
"10/01/2013","266"
"09/01/2013","265.97"
"08/01/2013","264.87"
"07/01/2013","264"
"06/01/2013","262.27"
"05/01/2013","259"
"04/01/2013","258.77"
"03/01/2013","256.68"
"02/01/2013","256"
"01/01/2013","256"
"12/01/2012","255.94"
"11/01/2012","254.13"
"10/01/2012","251.55"
"09/01/2012","248.7"
"08/01/2012","247.48"
"07/01/2012","249.06"
"06/01/2012","251.67"
"05/01/2012","252.61"
"04/01/2012","251"
"03/01/2012","251"
"02/01/2012","251.34"
"01/01/2012","253.29"
"12/01/2011","255"
"11/01/2011","255.9"
"10/01/2011","256"
"09/01/2011","256"
"08/01/2011","256"
"07/01/2011","256.32"
"06/01/2011","256.6"
"05/01/2011","254.55"
"04/01/2011","252.57"
"03/01/2011","250.39"
"02/01/2011","249"
"01/01/2011","249.97"
"12/01/2010","249.84"
"11/01/2010","249.93"
"10/01/2010","250"
"09/01/2010","249.67"
"08/01/2010","245.19"
"07/01/2010","244.65"
"06/01/2010","243.8"
"05/01/2010","242.94"
"04/01/2010","241.27"
"03/01/2010","240"
"02/01/2010","240"
"01/01/2010","241.55"
"12/01/2009","249"
"11/01/2009","249"
"10/01/2009","249"
"09/01/2009","249"
"08/01/2009","249"
"07/01/2009","249"
"06/01/2009","249"
"05/01/2009","247.68"
"04/01/2009","235.2"
"03/01/2009","232.81"
"02/01/2009","226.5"
"01/01/2009","226.5"
"12/01/2008","226.5"
"11/01/2008","227.42"
"10/01/2008","230.53"
"09/01/2008","229"
"08/01/2008","229"
"07/01/2008","229"
"06/01/2008","229"
"05/01/2008","229"
"04/01/2008","229"
"03/01/2008","229"
"02/01/2008","229"
"01/01/2008","229"
"12/01/2007","229.42"
"11/01/2007","235.5"
"10/01/2007","235.5"
"09/01/2007","233.25"
"08/01/2007","228"
"07/01/2007","228"
"06/01/2007","227.5"
"05/01/2007","215.77"
"04/01/2007","207.67"
"03/01/2007","201.9"
"02/01/2007","196.89"
"01/01/2007","192.31"
"12/01/2006","186.5"
"11/01/2006","183.33"
"10/01/2006","181.37"
"09/01/2006","177.25"
"08/01/2006","175"
"07/01/2006","175"
"06/01/2006","173.17"
"05/01/2006","170"
"04/01/2006","170"
"03/01/2006","170"
"02/01/2006","170.89"
"01/01/2006","175"
"12/01/2005","175"
"11/01/2005","177.75"
"10/01/2005","180"
"09/01/2005","178.17"
"08/01/2005","175"
"07/01/2005","175"
"06/01/2005","169"
"05/01/2005","159.61"
"04/01/2005","158.5"
"03/01/2005","158.5"
"02/01/2005","157.54"
"01/01/2005","157.5"
"12/01/2004","157.1"
"11/01/2004","155"
"10/01/2004","155.97"
"09/01/2004","158"
"08/01/2004","156.79"
"07/01/2004","156.56"
"06/01/2004","158.5"
"05/01/2004","158.5"
"04/01/2004","158.5"
"03/01/2004","158.5"
"02/01/2004","158.5"
"01/01/2004","159.95"
"12/01/2003","161"
"11/01/2003","161.75"
"10/01/2003","163.82"
"09/01/2003","165.85"
"08/01/2003","167"
"07/01/2003","167"
"06/01/2003","163"
"05/01/2003","155.5"
"04/01/2003","145"
"03/01/2003","139.74"
"02/01/2003","144"
"01/01/2003","143.19"
"12/01/2002","138.05"
"11/01/2002","130.5"
"10/01/2002","131.37"
"09/01/2002","131.5"
"08/01/2002","131.82"
"07/01/2002","134.68"
"06/01/2002","136.1"
"05/01/2002","137.5"
"04/01/2002","137.5"
"03/01/2002","137.98"
"02/01/2002","138.64"
"01/01/2002","140.74"
"12/01/2001","145.25"
"11/01/2001","148.96"
"10/01/2001","153.39"
"09/01/2001","154.15"
"08/01/2001","155.94"
"07/01/2001","156.6"
"06/01/2001","158.5"
"05/01/2001","158.25"
"04/01/2001","157.82"
"03/01/2001","157.22"
"02/01/2001","156.86"
"01/01/2001","155.82"
"12/01/2000","147.16"
"11/01/2000","136.26"
"10/01/2000","132.89"
"09/01/2000","126.54"
"08/01/2000","126.54"
"07/01/2000","126.54"
"06/01/2000","126.54"
"05/01/2000","126.54"
"04/01/2000","122.71"
"03/01/2000","122.71"
"02/01/2000","122.71"
"01/01/2000","122.71"
"12/01/1999","122.71"
"11/01/1999","122.71"
"10/01/1999","122.71"
"09/01/1999","124.93"
"08/01/1999","125.27"
"07/01/1999","125.27"
"06/01/1999","125.27"
"05/01/1999","125.27"
"04/01/1999","125.74"
"03/01/1999","127.7"
"02/01/1999","131.66"
"01/01/1999","139.17"
"12/01/1998","139.99"
"11/01/1998","142.98"
"10/01/1998","144.92"
"09/01/1998","145.17"
"08/01/1998","146.18"
"07/01/1998","146.18"
"06/01/1998","146.47"
"05/01/1998","147.44"
"04/01/1998","147.45"
"03/01/1998","148.72"
"02/01/1998","148.81"
"01/01/1998","148.81"
"12/01/1997","148.81"
"11/01/1997","149.4"
"10/01/1997","150.35"
"09/01/1997","151.33"
"08/01/1997","151.34"
"07/01/1997","152.18"
"06/01/1997","153.12"
"05/01/1997","153.12"
"04/01/1997","153.19"
"03/01/1997","152.31"
"02/01/1997","153.51"
"01/01/1997","153.99"
"12/01/1996","154.85"
"11/01/1996","155.87"
"10/01/1996","157.38"
"09/01/1996","156.54"
"08/01/1996","156.54"
"07/01/1996","155.69"
"06/01/1996","152.02"
"05/01/1996","147.44"
"04/01/1996","144.97"
"03/01/1996","143.22"
"02/01/1996","140.96"
"01/01/1996","136.57"
"12/01/1995","131.41"
"11/01/1995","134.04"
"10/01/1995","135.35"
"09/01/1995","136.23"
"08/01/1995","137.97"
"07/01/1995","137.83"
"06/01/1995","136.58"
"05/01/1995","137.69"
"04/01/1995","138.49"
"03/01/1995","139.32"
"02/01/1995","146.13"
"01/01/1995","119.55"
"12/01/1994","123.19"
"11/01/1994","123.19"
"10/01/1994","124.99"
"09/01/1994","124.49"
"08/01/1994","123.19"
"07/01/1994","123.31"
"06/01/1994","124.46"
"05/01/1994","126.45"
"04/01/1994","127.29"
"03/01/1994","128.71"
"02/01/1994","128.43"
"01/01/1994","127.43"
"12/01/1993","127.43"
"11/01/1993","127.43"
"10/01/1993","127.72"
"09/01/1993","128.28"
"08/01/1993","129.56"
"07/01/1993","130.01"
"06/01/1993","130.83"
"05/01/1993","130.83"
"04/01/1993","129.46"
"03/01/1993","127.84"
"02/01/1993","127.96"
"01/01/1993","128.49"
"12/01/1992","127.43"
"11/01/1992","128.93"
"10/01/1992","134.09"
"09/01/1992","134.06"
"08/01/1992","135.52"
"07/01/1992","135.93"
"06/01/1992","135.14"
"05/01/1992","135.08"
"04/01/1992","135.08"
"03/01/1992","137.07"
"02/01/1992","137.2"
"01/01/1992","137.2"
"12/01/1991","137.2"
"11/01/1991","137.29"
"10/01/1991","134.89"
"09/01/1991","138.05"
"08/01/1991","138.82"
"07/01/1991","138.05"
"06/01/1991","138.43"
"05/01/1991","140.63"
"04/01/1991","141.45"
"03/01/1991","140.46"
"02/01/1991","139.66"
"01/01/1991","140.52"